model,accuracy,precision,recall,f1
RandomForest,0.9948186528497409,0.9956822107081176,0.9948186528497409,0.9949308032209586
SVC,0.9948186528497409,0.9956822107081176,0.9948186528497409,0.9949308032209586
KNeighbors,0.9792746113989638,0.9820873427091044,0.9792746113989638,0.9793568550045234
LogisticRegression,0.9948186528497409,0.9956822107081176,0.9948186528497409,0.9949308032209586
